<?xml version="1.0" encoding="UTF-8"?>
<project-private xmlns="http://www.netbeans.org/ns/project-private/1">
    <editor-bookmarks xmlns="http://www.netbeans.org/ns/editor-bookmarks/2" lastBookmarkId="0"/>
    <open-files xmlns="http://www.netbeans.org/ns/projectui-open-files/2">
        <group>
            <file>file:/C:/Users/admin/Documents/카카오톡%20받은%20파일/도담도담/도담도담/클라이언트/DoDamDoDam클라이언트/src/dodamdodam/IP_NOKController.java</file>
            <file>file:/C:/Users/admin/Documents/카카오톡%20받은%20파일/도담도담/도담도담/클라이언트/DoDamDoDam클라이언트/src/dodamdodam/Menu2.fxml</file>
            <file>file:/C:/Users/admin/Documents/카카오톡%20받은%20파일/도담도담/도담도담/클라이언트/DoDamDoDam클라이언트/src/dodamdodam/Menu2Controller.java</file>
            <file>file:/C:/Users/admin/Documents/카카오톡%20받은%20파일/도담도담/도담도담/클라이언트/DoDamDoDam클라이언트/src/dodamdodam/HOME.fxml</file>
            <file>file:/C:/Users/admin/Documents/카카오톡%20받은%20파일/도담도담/도담도담/클라이언트/DoDamDoDam클라이언트/src/dodamdodam/ClientSock.java</file>
            <file>file:/C:/Users/admin/Documents/카카오톡%20받은%20파일/도담도담/도담도담/클라이언트/DoDamDoDam클라이언트/src/dodamdodam/HOME2Controller.java</file>
            <file>file:/C:/Users/admin/Documents/카카오톡%20받은%20파일/도담도담/도담도담/클라이언트/DoDamDoDam클라이언트/src/dodamdodam/MenuController.java</file>
            <file>file:/C:/Users/admin/Documents/카카오톡%20받은%20파일/도담도담/도담도담/클라이언트/DoDamDoDam클라이언트/src/dodamdodam/Menu.fxml</file>
            <file>file:/C:/Users/admin/Documents/카카오톡%20받은%20파일/도담도담/도담도담/클라이언트/DoDamDoDam클라이언트/src/dodamdodam/HOMEController.java</file>
            <file>file:/C:/Users/admin/Documents/카카오톡%20받은%20파일/도담도담/도담도담/클라이언트/DoDamDoDam클라이언트/src/dodamdodam/IP_NOK.fxml</file>
            <file>file:/C:/Users/admin/Documents/카카오톡%20받은%20파일/도담도담/도담도담/클라이언트/DoDamDoDam클라이언트/src/dodamdodam/HOME2.fxml</file>
        </group>
    </open-files>
</project-private>
